{
    "handling": {
        "Suspension Raise": 0.0,
        "Mass": 1450.0,
        "Suspension Upper Limit": -0.10000000149012,
        "Traction Spring Delta Max Ratio": 6.6666665077209,
        "Traction Curve Lateral": 0.39269909262657,
        "Suspension Lower Limit": 0.059999998658895,
        "Traction Bias Front": 0.94999998807907,
        "Brake Bias Rear": 0.89999997615814,
        "Inercia Multiplier Z": 1.6000000238419,
        "Camber Stiffness": 0.0,
        "Brake Bias Front": 1.1000000238419,
        "Brake Force": 150.0,
        "Traction Curve Min Ratio": 6.6666622161865,
        "Traction Spring Delta Max": 0.15000000596046,
        "Roll Centre Height Front": 0.20999999344349,
        "Increase Speed": 70.0,
        "Centre Of Mass Offset Z": 0.0,
        "Suspension Force": 2.7999999523163,
        "Suspension Rebound Damp": 0.22000001370907,
        "Seat Offset Distance X": 0.0,
        "Oil Volume": 5.0,
        "Petrol Tank Volume": 65.0,
        "Traction Curve Lateral Ratio": 2.5464789867401,
        "Traction Curve Max": 1.5,
        "Engine Damage Multiplier": 1.5,
        "Weapon Damage Multiplier": 1.0,
        "Collision Damage Multiplier": 0.69999998807907,
        "Down Shift": 6.0,
        "Suspension Comp Damp": 0.14000000059605,
        "Acceleration": 5.0,
        "Anti-Roll Bar Bias Front": 0.5,
        "Percent Submerged": 85.0,
        "Anti-Roll Bar Force": 0.55000001192093,
        "Inercia Multiplier X": 1.0,
        "Seat Offset Distance Y": -0.10000000149012,
        "Hand Brake Force": 150.0,
        "Suspension Bias Rear": 1.0,
        "Centre Of Mass Offset Y": 0.0,
        "Drive Max Flat Velocity": 49.333339691162,
        "Traction Loss Multiplier": 1.0,
        "Anti-Roll Bar Bias Rear": 1.5,
        "Traction Curve Max Ratio": 0.37037035822868,
        "Initial Drag Coefficient": 0.0010250000050291,
        "Drive Inertia": 1.0,
        "Low Speed Traction Multiplier": 1.0,
        "Seat Offset Distance Z": 0.0,
        "Traction Curve Min": 1.3999999761581,
        "Up Shift": 6.0,
        "Suspension Bias Front": 1.0,
        "Initial Drive Force": 0.33000001311302,
        "Centre Of Mass Offset X": 0.0,
        "Initial Drive Max Flat Velocity": 41.111114501953,
        "Submerged Ratio": 1.1764706373215,
        "Traction Bias Rear": 1.0499999523163,
        "Drive Bias Front": 0.5,
        "Inercia Multiplier Y": 1.3999999761581,
        "Down Force Modifier": 0.0,
        "Steering Lock": 1.5,
        "Steering Lock Ratio": 1.4323945045471
    }
}